{
	"description": "项目配置文件",
	"packOptions": {
		"ignore": []
	},
	"setting": {
		"urlCheck": false,
		"es6": true,
		"postcss": true,
		"minified": true,
		"newFeature": true,
		"coverView": true,
		"autoAudits": false,
		"checkInvalidKey": true,
		"checkSiteMap": true,
		"uploadWithSourceMap": true,
		"babelSetting": {
			"ignore": [],
			"disablePlugins": [],
			"outputPath": ""
		}
	},
	"compileType": "miniprogram",
	"libVersion": "1.9.97",
	"appid": "wx964c60a9f3689cdf",
	"projectname": "sol-weapp",
	"cloudfunctionTemplateRoot": "",
	"debugOptions": {
		"hidedInDevtools": []
	},
	"scripts": {},
	"condition": {
		"search": {
			"current": -1,
			"list": []
		},
		"conversation": {
			"current": -1,
			"list": []
		},
		"plugin": {
			"current": -1,
			"list": []
		},
		"game": {
			"list": []
		},
		"miniprogram": {
			"current": -1,
			"list": [
				{
					"id": -1,
					"name": "wheel",
					"pathName": "pages/wheel/index",
					"query": ""
				},
				{
					"id": -1,
					"name": "红包雨",
					"pathName": "pages/packetRain/index",
					"query": ""
				},
				{
					"id": -1,
					"name": "九宫格",
					"pathName": "pages/gridCard/index",
					"query": ""
				},
				{
					"id": -1,
					"name": "下载图片",
					"pathName": "pages/saveImgs/index",
					"query": "",
					"scene": null
				},
				{
					"id": -1,
					"name": "拖拽",
					"pathName": "pages/touchMove/index",
					"query": "",
					"scene": null
				},
				{
					"id": -1,
					"name": "pages/tabScroller/index",
					"pathName": "pages/tabScroller/index",
					"query": "",
					"scene": null
				}
			]
		}
	}
}